{
    "stats": {
        "velocity": [
            0.14972709119319916,
            0.07169198989868164,
            0.043811772018671036,
            0.024192359298467636,
            0.013423808850347996,
            0.01416138093918562,
            0.008260805159807205,
            0.007670748047530651,
            0.007965777069330215,
            0.006785661447793245,
            0.007228204980492592,
            0.0066381474025547504,
            0.007375719025731087,
            0.00560554675757885,
            0.010178492404520512,
            0.007523233536630869,
            0.014751438051462173,
            0.01371883787214756,
            0.015046467073261738,
            0.02020947076380253,
            0.025372473523020744,
            0.029355362057685852,
            0.03953385353088379,
            0.04867974668741226,
            0.049417316913604736,
            0.04838471859693527,
            0.06136598438024521,
            0.04808969050645828,
            0.039091311395168304,
            0.03864876925945282,
            0.030978020280599594,
            0.02463490143418312,
            0.019471898674964905,
            0.01652161031961441,
            0.009588435292243958,
            0.00560554675757885,
            0.005458032246679068,
            0.001622658222913742,
            0.0014751438284292817,
            0.0007375719142146409
        ],
        "lon_accel": [
            0.0015243901871144772,
            0.0016937669133767486,
            0.002540650311857462,
            0.0016937669133767486,
            0.0022018970921635628,
            0.003387533826753497,
            0.0030487803742289543,
            0.0044037941843271255,
            0.00542005430907011,
            0.007791327778249979,
            0.008130080997943878,
            0.013211382552981377,
            0.011009485460817814,
            0.017276423051953316,
            0.02184959314763546,
            0.0296409223228693,
            0.035230353474617004,
            0.05386178940534592,
            0.07096883654594421,
            0.2457655817270279,
            0.1934281885623932,
            0.06656504422426224,
            0.048272356390953064,
            0.0347222238779068,
            0.02676151692867279,
            0.022527100518345833,
            0.014735772274434566,
            0.009993225336074829,
            0.009315717965364456,
            0.007283197715878487,
            0.0044037941843271255,
            0.005081300623714924,
            0.002710027154535055,
            0.002710027154535055,
            0.0013550135772675276,
            0.0032181572169065475,
            0.0020325202494859695,
            0.0015243901871144772,
            0.0008468834566883743,
            0.00186314363963902
        ],
        "lat_accel": [
            0.0010190217290073633,
            0.0008491847547702491,
            0.0003396739193703979,
            0.0016983695095404983,
            0.001528532593511045,
            0.00254755443893373,
            0.0027173913549631834,
            0.0033967390190809965,
            0.00220788037404418,
            0.0052649457938969135,
            0.005434782709926367,
            0.00934103224426508,
            0.010529891587793827,
            0.01273777149617672,
            0.015285326167941093,
            0.019701087847352028,
            0.03294837102293968,
            0.046875,
            0.0625,
            0.23760190606117249,
            0.2109375,
            0.07999320328235626,
            0.0546875,
            0.040421195328235626,
            0.031080162152647972,
            0.020889945328235626,
            0.016813859343528748,
            0.01409646775573492,
            0.011888586916029453,
            0.009001358412206173,
            0.006793478038161993,
            0.0064538042061030865,
            0.0042459238320589066,
            0.0042459238320589066,
            0.004076086916029453,
            0.002377717290073633,
            0.0011888586450368166,
            0.0035665761679410934,
            0.0016983695095404983,
            0.0010190217290073633
        ],
        "jerk": [
            0.004751619882881641,
            0.00647948170080781,
            0.007775377947837114,
            0.007775377947837114,
            0.008207343518733978,
            0.010799136012792587,
            0.008207343518733978,
            0.011015119031071663,
            0.015334772877395153,
            0.013390928506851196,
            0.018142549321055412,
            0.016414687037467957,
            0.02073434181511402,
            0.018574513494968414,
            0.02289416827261448,
            0.025485960766673088,
            0.025485960766673088,
            0.029589632526040077,
            0.03239740803837776,
            0.150971919298172,
            0.13390928506851196,
            0.054643627256155014,
            0.055075593292713165,
            0.04211663082242012,
            0.03801295906305313,
            0.030237581580877304,
            0.029373649507761,
            0.022462202236056328,
            0.02289416827261448,
            0.01727861724793911,
            0.016414687037467957,
            0.016630670055747032,
            0.014038876630365849,
            0.00993520487099886,
            0.008423326537013054,
            0.011015119031071663,
            0.00647948170080781,
            0.00496760243549943,
            0.006047516129910946,
            0.005615550559014082
        ]
    },
    "ticks": {
        "velocity": [
            0.0,
            0.05000000074505806,
            0.10000000149011612,
            0.15000000596046448,
            0.20000000298023224,
            0.25,
            0.30000001192092896,
            0.3499999940395355,
            0.4000000059604645,
            0.45000001788139343,
            0.5,
            0.550000011920929,
            0.6000000238418579,
            0.6499999761581421,
            0.7000000476837158,
            0.75,
            0.800000011920929,
            0.8500000238418579,
            0.9000000357627869,
            0.9500000476837158,
            1.0,
            1.0499999523162842,
            1.100000023841858,
            1.149999976158142,
            1.2000000476837158,
            1.25,
            1.3000000715255737,
            1.350000023841858,
            1.4000000953674316,
            1.4500000476837158,
            1.5,
            1.5500000715255737,
            1.600000023841858,
            1.649999976158142,
            1.7000000476837158,
            1.75,
            1.7999999523162842,
            1.850000023841858,
            1.899999976158142,
            1.9500000476837158,
            2.0
        ],