{
    "stats": {
        "velocity": [
            0.13449512422084808,
            0.04294171556830406,
            0.02843325212597847,
            0.01967814564704895,
            0.018427416682243347,
            0.03101809322834015,
            0.031435005366802216,
            0.022179605439305305,
            0.028349870815873146,
            0.038522470742464066,
            0.03410322591662407,
            0.03318602591753006,
            0.03010089136660099,
            0.035937629640102386,
            0.034019846469163895,
            0.0336863175034523,
            0.03418660908937454,
            0.037605270743370056,
            0.03268573433160782,
            0.026015175506472588,
            0.030684566125273705,
            0.027849579229950905,
            0.028099725022912025,
            0.028266489505767822,
            0.02251313254237175,
            0.022346368059515953,
            0.020261818543076515,
            0.016259483993053436,
            0.012840824201703072,
            0.010422746650874615,
            0.009839072823524475,
            0.008421579375863075,
            0.006170265842229128,
            0.005836738273501396,
            0.005669974256306887,
            0.005669974256306887,
            0.003585424739867449,
            0.002918369136750698,
            0.0028349871281534433,
            0.0025014590937644243
        ],
        "lon_accel": [
            0.00036825629649683833,
            0.0006444485625252128,
            0.0008285766816698015,
            0.001104768947698176,
            0.001104768947698176,
            0.001104768947698176,
            0.003774627111852169,
            0.003038114635273814,
            0.004879395943135023,
            0.005431780591607094,
            0.008009574376046658,
            0.011231817305088043,
            0.012612778693437576,
            0.016847725957632065,
            0.021819185465574265,
            0.03277480974793434,
            0.043085988610982895,
            0.06094641983509064,
            0.08294973522424698,
            0.2715890407562256,
            0.17022648453712463,
            0.05017492175102234,
            0.03461609408259392,
            0.03268274664878845,
            0.024857301265001297,
            0.01960964873433113,
            0.01721598207950592,
            0.014361996203660965,
            0.012152458541095257,
            0.008561959490180016,
            0.008101638406515121,
            0.005800036713480949,
            0.003682563081383705,
            0.00340637075714767,
            0.001565089332871139,
            0.002761922311037779,
            0.002117473864927888,
            0.0018412815406918526,
            0.0008285766816698015,
            0.0012888971250504255
        ],
        "lat_accel": [
            0.0004562459944281727,
            9.124920325120911e-05,
            9.124920325120911e-05,
            0.0006387443863786757,
            0.0012774887727573514,
            0.0009124919888563454,
            0.0006387443863786757,
            0.001916233217343688,
            0.0020987316966056824,
            0.0018249839777126908,
            0.0021899808198213577,
            0.003376220352947712,
            0.005748699884861708,
            0.005748699884861708,
            0.010402409359812737,
            0.012227392755448818,
            0.019162332639098167,
            0.0279222559183836,
            0.052194543182849884,
            0.28378501534461975,
            0.30750980973243713,
            0.0868692398071289,
            0.053563281893730164,
            0.03476594761013985,
            0.02673601545393467,
            0.01578611135482788,
            0.01131490059196949,
            0.009307418949902058,
            0.006569942459464073,
            0.003011223627254367,
            0.003923715557903051,
            0.0015512363752350211,
            0.0010949904099106789,
            0.0015512363752350211,
            0.001186239649541676,
            0.0007299936260096729,
            0.0006387443863786757,
            0.00036499681300483644,
            0.0005474952049553394,
            0.0002737476024776697
        ],
        "jerk": [
            0.004886363632977009,
            0.005795454606413841,
            0.00636363634839654,
            0.006931818090379238,
            0.009318182244896889,
            0.010113636031746864,
            0.009772727265954018,
            0.010454545728862286,
            0.013863636180758476,
            0.016477271914482117,
            0.02193181775510311,
            0.020681818947196007,
            0.02556818164885044,
            0.025681817904114723,
            0.032499998807907104,
            0.03431818261742592,
            0.037840910255908966,
            0.03897727280855179,
            0.04420454427599907,
            0.14749999344348907,
            0.12420454621315002,
            0.04329545423388481,
            0.036704543977975845,
            0.033636365085840225,
            0.03375000134110451,
            0.02920454554259777,
            0.024886364117264748,
            0.02193181775510311,
            0.02034090831875801,
            0.018636364489793777,
            0.015227273106575012,
            0.013636363670229912,
            0.011022727005183697,
            0.01068181823939085,
            0.008522727526724339,
            0.00636363634839654,
            0.008181817829608917,
            0.006022727116942406,
            0.0055681816302239895,
            0.004999999888241291
        ]
    },
    "ticks": {
        "velocity": [
            0.0,
            0.05000000074505806,
            0.10000000149011612,
            0.15000000596046448,
            0.20000000298023224,
            0.25,
            0.30000001192092896,
            0.3499999940395355,
            0.4000000059604645,
            0.45000001788139343,
            0.5,
            0.550000011920929,
            0.6000000238418579,
            0.6499999761581421,
            0.7000000476837158,
            0.75,
            0.800000011920929,
            0.8500000238418579,
            0.9000000357627869,
            0.9500000476837158,
            1.0,
            1.0499999523162842,
            1.100000023841858,
            1.149999976158142,
            1.2000000476837158,
            1.25,
            1.3000000715255737,
            1.350000023841858,
            1.4000000953674316,
            1.4500000476837158,
            1.5,
            1.5500000715255737,
            1.600000023841858,
            1.649999976158142,
            1.7000000476837158,
            1.75,
            1.7999999523162842,
            1.850000023841858,
            1.899999976158142,
            1.9500000476837158,
            2.0
        ],