{
    "stats": {
        "velocity": [
            0.0040520369075238705,
            0.008104073815047741,
            0.009383663535118103,
            0.015781616792082787,
            0.016634676605463028,
            0.018767327070236206,
            0.020686713978648186,
            0.02026018314063549,
            0.022606099024415016,
            0.021539773792028427,
            0.020686713978648186,
            0.01642141118645668,
            0.017061207443475723,
            0.02026018314063549,
            0.019833652302622795,
            0.020473448559641838,
            0.02132650837302208,
            0.020686713978648186,
            0.013862230814993382,
            0.016634676605463028,
            0.0437193438410759,
            0.0388142466545105,
            0.05097035691142082,
            0.04435914009809494,
            0.04606525972485542,
            0.035402003675699234,
            0.03966730460524559,
            0.044998932629823685,
            0.034335680305957794,
            0.03689486160874367,
            0.02708466537296772,
            0.03668159618973732,
            0.03156323358416557,
            0.024312220513820648,
            0.02324589528143406,
            0.020899979397654533,
            0.023459158837795258,
            0.01450202614068985,
            0.018767327070236206,
            0.0191938579082489
        ],
        "lon_accel": [
            0.0004835590079892427,
            0.0007253384683281183,
            0.0004835590079892427,
            0.0007253384683281183,
            0.002176015404984355,
            0.002176015404984355,
            0.002176015404984355,
            0.0038684720639139414,
            0.002176015404984355,
            0.0031431333627551794,
            0.006769825704395771,
            0.005560928490012884,
            0.007011605426669121,
            0.007736944127827883,
            0.01885880157351494,
            0.020551256835460663,
            0.033607348799705505,
            0.04835589975118637,
            0.0749516412615776,
            0.2988394498825073,
            0.20599612593650818,
            0.07156673073768616,
            0.051015473902225494,
            0.034090910106897354,
            0.025628626346588135,
            0.017166344448924065,
            0.014264990575611591,
            0.008462282828986645,
            0.006528046447783709,
            0.0031431333627551794,
            0.005802707746624947,
            0.0031431333627551794,
            0.002659574383869767,
            0.0016924564260989428,
            0.002176015404984355,
            0.0016924564260989428,
            0.0014506769366562366,
            0.0007253384683281183,
            0.0009671180159784853,
            0.0014506769366562366
        ],
        "lat_accel": [
            0.0012103606713935733,
            0.0009682885720394552,
            0.0012103606713935733,
            0.0019365771440789104,
            0.0012103606713935733,
            0.0021786491852253675,
            0.0024207213427871466,
            0.0038731542881578207,
            0.0038731542881578207,
            0.004357298370450735,
            0.00556765915825963,
            0.007504236418753862,
            0.009440813213586807,
            0.010893246158957481,
            0.017671266570687294,
            0.023723069578409195,
            0.033163882791996,
            0.04817235469818115,
            0.07237956672906876,
            0.2960542142391205,
            0.22294843196868896,
            0.07116920500993729,
            0.03945775702595711,
            0.03267974033951759,
            0.020818203687667847,
            0.014040184207260609,
            0.011861534789204597,
            0.009924957528710365,
            0.006535947788506746,
            0.0029048656579107046,
            0.005809731315821409,
            0.0031469378154724836,
            0.0031469378154724836,
            0.0016945049865171313,
            0.0016945049865171313,
            0.0014524328289553523,
            0.0019365771440789104,
            0.0007262164144776762,
            0.0,
            0.0002420721430098638
        ],
        "jerk": [
            0.0018461538711562753,
            0.0036923077423125505,
            0.005230769049376249,
            0.004615384619683027,
            0.005538461729884148,
            0.00707692326977849,
            0.005846153944730759,
            0.010153845883905888,
            0.009230769239366055,
            0.007692307699471712,
            0.010461538098752499,
            0.014769230969250202,
            0.01076923031359911,
            0.015076923184096813,
            0.009230769239366055,
            0.018153846263885498,
            0.025538461282849312,
            0.04738461598753929,
            0.08799999952316284,
            0.353538453578949,
            0.1246153861284256,
            0.029230769723653793,
            0.024307692423462868,
            0.02123076841235161,
            0.018153846263885498,
            0.01600000075995922,
            0.014461538754403591,
            0.013846153393387794,
            0.013538461178541183,
            0.011692307889461517,
            0.008307692594826221,
            0.00800000037997961,
            0.005538461729884148,
            0.007384615484625101,
            0.006769230589270592,
            0.006461538374423981,
            0.004000000189989805,
            0.005230769049376249,
            0.002769230864942074,
            0.004615384619683027
        ]
    },
    "ticks": {
        "velocity": [
            0.0,
            0.05000000074505806,
            0.10000000149011612,
            0.15000000596046448,
            0.20000000298023224,
            0.25,
            0.30000001192092896,
            0.3499999940395355,
            0.4000000059604645,
            0.45000001788139343,
            0.5,
            0.550000011920929,
            0.6000000238418579,
            0.6499999761581421,
            0.7000000476837158,
            0.75,
            0.800000011920929,
            0.8500000238418579,
            0.9000000357627869,
            0.9500000476837158,
            1.0,
            1.0499999523162842,
            1.100000023841858,
            1.149999976158142,
            1.2000000476837158,
            1.25,
            1.3000000715255737,
            1.350000023841858,
            1.4000000953674316,
            1.4500000476837158,
            1.5,
            1.5500000715255737,
            1.600000023841858,
            1.649999976158142,
            1.7000000476837158,
            1.75,
            1.7999999523162842,
            1.850000023841858,
            1.899999976158142,
            1.9500000476837158,
            2.0
        ],