{
    "stats": {
        "velocity": [
            0.0,
            0.0,
            0.0,
            0.0,
            0.0,
            0.0,
            0.00012812299246434122,
            0.0,
            0.0,
            0.0,
            0.0003843689919449389,
            0.00025624598492868245,
            0.0,
            0.0007687379838898778,
            0.00025624598492868245,
            0.0005124919698573649,
            0.0011531070340424776,
            0.0015374759677797556,
            0.0011531070340424776,
            0.002818705979734659,
            0.03625880926847458,
            0.044843047857284546,
            0.04151185229420662,
            0.05970531702041626,
            0.06316463649272919,
            0.05048046261072159,
            0.056374117732048035,
            0.05880845710635185,
            0.04561178758740425,
            0.060217808932065964,
            0.052658550441265106,
            0.045868031680583954,
            0.04650864750146866,
            0.059192825108766556,
            0.047405511140823364,
            0.05586162582039833,
            0.042152468115091324,
            0.044843047857284546,
            0.03766816109418869,
            0.04189622029662132
        ],
        "lon_accel": [
            0.000725163146853447,
            0.0010152284521609545,
            0.0010152284521609545,
            0.0013052936410531402,
            0.0023205222096294165,
            0.0024655547458678484,
            0.0013052936410531402,
            0.002900652587413788,
            0.005076142027974129,
            0.004496011417359114,
            0.00420594634488225,
            0.00725163146853447,
            0.008701957762241364,
            0.006526468321681023,
            0.011167512275278568,
            0.01406816579401493,
            0.015228426083922386,
            0.024655546993017197,
            0.029296591877937317,
            0.42900651693344116,
            0.27773749828338623,
            0.03132705017924309,
            0.02364031970500946,
            0.01696881838142872,
            0.01667875237762928,
            0.008701957762241364,
            0.00826685968786478,
            0.007831762544810772,
            0.006381435785442591,
            0.006091370712965727,
            0.004786076955497265,
            0.004350978881120682,
            0.0033357504289597273,
            0.0024655547458678484,
            0.002175489440560341,
            0.0017403915990144014,
            0.001450326293706894,
            0.0017403915990144014,
            0.000725163146853447,
            0.0008701957995072007
        ],
        "lat_accel": [
            0.001308900536969304,
            0.0010180337121710181,
            0.0017452007159590721,
            0.0018906340701505542,
            0.002763234544545412,
            0.003054101252928376,
            0.0017452007159590721,
            0.0029086677823215723,
            0.0033449679613113403,
            0.0037812681403011084,
            0.0049447352066636086,
            0.00639906944707036,
            0.005817335564643145,
            0.00959860347211361,
            0.01279813889414072,
            0.015125072561204433,
            0.017161140218377113,
            0.019342640414834023,
            0.03737638145685196,
            0.4368818998336792,
            0.2604711949825287,
            0.03228621184825897,
            0.025450844317674637,
            0.017888307571411133,
            0.01279813889414072,
            0.011780104599893093,
            0.007417102809995413,
            0.007998836226761341,
            0.005671902094036341,
            0.0059627690352499485,
            0.004217568319290876,
            0.004653868731111288,
            0.003054101252928376,
            0.0018906340701505542,
            0.0018906340701505542,
            0.0018906340701505542,
            0.0007271669455803931,
            0.00159976736176759,
            0.0020360674243420362,
            0.001308900536969304
        ],
        "jerk": [
            0.004853426478803158,
            0.007377208210527897,
            0.005435837898403406,
            0.007377208210527897,
            0.0056299748830497265,
            0.006988934241235256,
            0.008153756149113178,
            0.008736168034374714,
            0.011259949766099453,
            0.013201320543885231,
            0.014172005467116833,
            0.010095126926898956,
            0.015142690390348434,
            0.016307512298226357,
            0.019219569861888885,
            0.017084062099456787,
            0.01863715797662735,
            0.01902543194591999,
            0.028344010934233665,
            0.31217238306999207,
            0.2292758673429489,
            0.023684721440076828,
            0.022519899532198906,
            0.02154921367764473,
            0.018443020060658455,
            0.010095126926898956,
            0.013589594513177872,
            0.010483400896191597,
            0.013589594513177872,
            0.009512715972959995,
            0.013589594513177872,
            0.009318578988313675,
            0.006794797256588936,
            0.008542031049728394,
            0.007377208210527897,
            0.007959619164466858,
            0.0071830712258815765,
            0.0071830712258815765,
            0.004271015524864197,
            0.005824111867696047
        ]
    },
    "ticks": {
        "velocity": [
            0.0,
            0.05000000074505806,
            0.10000000149011612,
            0.15000000596046448,
            0.20000000298023224,
            0.25,
            0.30000001192092896,
            0.3499999940395355,
            0.4000000059604645,
            0.45000001788139343,
            0.5,
            0.550000011920929,
            0.6000000238418579,
            0.6499999761581421,
            0.7000000476837158,
            0.75,
            0.800000011920929,
            0.8500000238418579,
            0.9000000357627869,
            0.9500000476837158,
            1.0,
            1.0499999523162842,
            1.100000023841858,
            1.149999976158142,
            1.2000000476837158,
            1.25,
            1.3000000715255737,
            1.350000023841858,
            1.4000000953674316,
            1.4500000476837158,
            1.5,
            1.5500000715255737,
            1.600000023841858,
            1.649999976158142,
            1.7000000476837158,
            1.75,
            1.7999999523162842,
            1.850000023841858,
            1.899999976158142,
            1.9500000476837158,
            2.0
        ],
        "lon_accel": [
            -1.0,
            -0.949999988079071,
            -0.8999999761581421,
            -0.8500000238418579,
            -0.800000011920929,
            -0.75,
            -0.699999988079071,
            -0.6499999761581421,
            -0.6000000238418579,
            -0.550000011920929,
            -0.5,
            -0.45000001788139343,
            -0.40000003576278687,
            -0.3500000238418579,
            -0.30000001192092896,
            -0.2500000298023224,
            -0.19999998807907104,
            -0.14999999105930328,
            -0.09999998658895493,
            -0.04999998211860657,
            1.4901161193847656e-08,
            0.050000011920928955,
            0.10000002384185791,
            0.15000000596046448,
            0.19999998807907104,
            0.2499999850988388,
            0.29999998211860657,
            0.3499999940395355,
            0.3999999761581421,
            0.44999998807907104,
            0.5,
            0.5499999523162842,
            0.6000000238418579,
            0.6499999761581421,
            0.699999988079071,
            0.75,
            0.800000011920929,
            0.8500000238418579,
            0.8999999761581421,
            0.949999988079071,
            1.0
        ],